nk	ref_sk	hyp_sk	P(SK)	pred_label
그것은 로체스터씨가 살아 있다는것을 알고, 믿고있기때문이다. 그리고 또한 인간으로서 주림과 추위때문에 죽는다는것은 너무도 따를 수 없는 운명이기 때문이다.	그것은 로체스터 씨가 살아 있고, 또한 굶주림과 추위로 죽는다는 운명을 인간 본성이 순순히 따르지 않는다는 것을 내가 알고 또 믿고 있기 때문이겠지.	그것은 로체스터 씨가 살아 있다는 것을 알고 있었기 때문이고, 또한 인간으로서, 더구나 추위와 굶주림 때문에 죽는다는 것은 견딜 수 없는 운명이라는 것을 알고 있었기 때문이다.	0.9999999999999948	1
잉그람경은 옘미 이슈톤양과 롱담을 하고있었으며 루이자양은 피아노를 타거나 린부인의 딸과 노래를 부르기도 하였다. 메리 잉그람양만은 외롭게 앉아서 사람들의 즐거운 이야기를 듣고만 있었다.	잉글램 경은 에이미 에시튼과 장난을 하고 있었고, 루이자는 피아노를 치거나 린 형제 중의 한 사람의 반주에 맞추어 노래를 부르거나 합창을 하고 있었고, 메리 잉글램은 린 형제 중 다른 한 사람의 잘난 체하는 변설을 마음에 내키지 않는 듯한 모습으로 듣고 있었다.	잉그램 경은 옘미 이쉬튼 양과 농담을 하고 있었고, 루이자 양은 피아노를 치거나 린 경의 딸과 노래를 부르고 있었으며, 메리 잉그램 양만은 외롭게 앉아서 그들의 즐거운 대화를 듣고 있었다.	0.9999999999999932	1
내가 여러분에게 가려고 준비를 갖춘것이 이번으로 세번째가 됩니다. 그러나 내가 가더라도 여러분에게 짐이 되지는 않겠습니다. 내가 구하는것은 여러분자신이지 여러분의 재물은 결코 아닙니다. 자식이 부모를 위해서 돈을 모아두어야 하는것이 아니라 부모가 자식들을 위해서 그렇게 해야 하는 법입니다.	이제 나는 세 번째 여러분을 방문할 준비를 하고 있습니다. 이번에도 여러분에게 짐을 지우지는 않을 작정입니다. 나는 단지 여러분을 바랄 뿐 여러분이 가진 재물을 바라지 않습니다. 이는 자녀가 부모를 위해 재산을 모아 두는 것이 아니라 부모가 자녀를 위해 그렇게 하는 것이기 때문입니다.	내가 여러분에게 갈 준비를 한 것은 이번이 세 번째입니다. 여러분에게 짐이 되지는 않을 것입니다. 내가 여러분에게 갈 때는 여러분 자신의 것이지 여러분의 재물이 아닙니다. 여러분은 자녀를 위해 돈을 모으는 것이 아니라 부모가 자식들을 위해 돈을 모으는 것입니다.	0.9999999999999925	1
이렇게 지시하고 나서 다윗은 아들 솔로몬에게 당부하였다. 여호와의 성전에서 례배하는데 쓰일것을 다 만들기까지 나를 보살피시던 하느님 여호와께서 너를 떠나시지 않으실 것이다. 모른체하고 내버려두시지 않을것이다. 그러니 힘을 내고 용기를 내여 일을 해나가거라 걱정하지도 말며 두려워하지도 말라.	다윗이 또 그의 아들 솔로몬에게 말했습니다. 강하고 용감한 마음으로 이 일을 하여라. 두려워하거나 용기를 잃지 마라. 나의 하나님 여호와께서 너와 함께 계시니 성전 짓는 모든 일을 마칠 때까지 너를 도우실 것이다. 너를 떠나지 않으실 것이다.	다윗이 자기 아들 솔로몬에게 말했습니다. 여호와의 성전에서 쓸 모든 것을 만들 때까지 나를 돌보아 주셨던 하나님 여호와께서 너를 떠나지 않으실 것이오. 그러니 너는 용기를 내어 일을 할 수 있을 것이오. 두려워하거나 두려워하지 마시오.	0.9999999999999838	1
사울이 군인들이 아말렉에게서 빼앗아온것입니다. 양떼 소떼 중에서도 좋은놈을 살려두었다가 선생께서 모시는 여호와하느님께 잡아바치려고 끌어온것입니다. 그밖의것은 모조리 없애버렸습니다. 하고 변명하자	사울이 대답했습니다. 군인들이 아말렉 사람들에게서 빼앗은 것입니다. 당신의 하나님 여호와께 제물로 바치기 위해 제일 좋은 양과 소들을 남겨 둔 것입니다. 하지만 다른 동물들은 다 죽여 없앴습니다.	사울이 대답했습니다. 그것은 아말렉 사람들이 빼앗아 온 것입니다. 사울은 양 떼와 소 떼 가운데서 가장 좋은 것을 살려 두었습니다. 사울은 그 모든 것을 빼앗아 갔습니다. 사울이 말했습니다. 그 밖의 것은 다 없애 버렸습니다.	0.9999999999999444	1
여호와께 례물을 바친다. 번제물로는 1년 된 흠없는 어린 수양 한마리를 바치고 속죄제물로는 1년 된 흠없는 어린 암양 한마리를바치고 화목제물로는 흠없는 수양 한마리를 바친다.	거기에서 여호와께 제물을 바쳐라. 흠 없는 일 년 된 숫양을 번제물로 바치고 흠 없는 일 년 된 암양을 속죄 제물로 바쳐라. 그리고 흠 없는 숫양 한 마리를 화목 제물로 바쳐라.	그들은 여호와께 태워 드리는 제물인 번제물로 일 년 된 흠 없는 숫양 한 마리를 바칠 것이며 속죄 제물로 일 년 된 흠 없는 암양 한 마리를 바칠 것이다. 그리고 화목 제물로 일 년 된 흠 없는 숫양 한 마리를 바칠 것이다.	0.999999999999929	1
그리고 너희 하느님 여호와께서는 너희가 손으로 하는 모든 일 너희 몸의 소생들 집짐승의 새끼들 발의 소출을 넘치게 해주실것이다. 여호와께서는 마음을 돌이키시여 너희를 잘 되게 해주시는 일이 마냥 기쁘실것이다. 일찌기 기뻐 하심으로써 너희 선조들을 잘 되게 해주셨듯이 너희에게도 잘 해주실 것이다.	여호와께서는 여러분이 하는 모든 일에 복을 주실 것이오. 여러분은 자녀를 많이 낳을 것이며 여러분의 짐승도 새끼를 많이 낳을 것이고 여러분의 땅에서는 열매가 많이 맺힐 것이오. 여호와께서는 여러분을 잘 되게 하시고 여러분의 조상들을 보시고 기뻐하셨듯이 여러분을 보시고 기뻐하실 것이오.	여러분의 하나님 여호와께서 여러분에게 하시는 모든 일 곧 여러분의 몸과 여러분의 짐승의 새끼와 여러분의 발을 건강하게 해 주실 것이오. 여호와께서 마음을 바꾸셔서 여러분을 기쁘게 해 주실 것이오. 여호와께서 여러분의 조상에게 하신 일처럼 여러분을 기쁘게 해 주실 것이오.	0.99999999999991	1
그러자 북쪽에 있는높은 문에서 사람 여섯이 나왔다. 그들은 모두 손에 망치를 돌고있었는데 그중 한사람은 모시옷을 입고 허리에는 서기관의필묵통을 차고있었다. 그들이 들어와서 놋제 단곁에 서자	그러자 북쪽을 향한 윗문 쪽에서 여섯 사람이 나왔는데 각 사람마다 손에 강력한 무기를 들고 있었다. 그 중에 한 사람은 모시옷을 입고 옆구리에 글을 쓰는 도구를 차고 있었다. 그들은 들어와서 놋제단 곁에 섰다.	북쪽 문에서 사람 여섯 명이 나왔습니다. 그들은 모두 손에 망치를 들고 있었습니다. 그들 중 한 사람은 모시옷을 입고 허리에는 서기관의 필통을 차고 있었습니다. 그들은 놋제단 곁에 서 있었습니다.	0.9999999999998596	1
내 백성은 나를 알지 못해서 망한다. 너희 제사장이라는것이 나를 알려고 하지 않으니나도 너희를 제사장직에서 몰아낸다. 이 하느님의 가르침을 마음에 두지 않으니나도 너희 자녀를 마음에 두지 않으리라.	내 백성이 지식이 없어서 망한다. 네가 지식을 거부했기 때문에 나도 너희가 내 제사장이 되지 못하게 하겠다. 너희가 너희 하나님의 가르침을 잊어 버렸으므로 나도 너희 자녀를 잊을 것이다.	내 백성이 나를 알지 못하여 망할 것이다. 너희가 제사장이라는 것을 내게 알리지 않으니 내가 너희를 제사장 자리에서 쫓아 낼 것이다. 너희가 하나님의 가르침을 따르지 않으니 내가 너희 자녀를 너희에게 주지 않을 것이다.	0.9999999999997928	1
그날로 네 입은 열려 도망쳐 온자와 말을 할수 있게 될것이며 다시는 벙어리 노릇을 하지 않을것이다. 이렇게 네가 그들에게 상징이 되리니 그제야 그들은 내가 여호와임을 알리라.	그 때가 되면 네 입이 열릴 것이니 너는 말을 할 수 있으며 더 이상 침묵할 필요가 없게 될 것이다. 그렇게 해서 너는 그들에게 표징이 될 것이며 그들은 내가 여호와라는 것을 알게 될 것이다.	그 날에 너의 입은 활짝 열려 너희가 도망치는 자에게 말을 할 수 있게 될 것이며 너희가 다시는 너희의 벙어리가 되지 않을 것이다. 네가 그들에게 표적이 될 것이다. 그 때에 그들이 내가 여호와라는 것을 알게 될 것이다.	0.9999999999997212	1
쥴리앙이 책에서 얻은 지식과 베리에르의 추억을 자료로 해서 만들어낸 생각에 물두하여 사랑하는 사나이를 행복하게 할수만 있다면 제 한몸 같은것은 아무래도 좋다고 하는 마음씨 착한 련인을 자기나름의 상상으로 그리고있는동안 마틸드의 허영심은 쥴리앙에게 심한 노여움을 느끼고있었다.	이 생각에 이어서 쥘리앵은 책들과 베리에르의 추억이 심어 놓은 편견에 젖어서 몽상 속을 헤맸다. 연인과 행복한 사랑을 나누는 순간에는 자신의 존재조차 잊어버리고 마는 다정한 애인에 대한몽상이었다. 그런 동안 마틸드의 허영심은 쥘리앵에 대해 맹렬한 분노를 지피고 있었다.	쥘리앵이 자신의 지식과 베리에르에 대한 추억으로 만들어 낸 추억으로 사랑하는 사람을 행복하게 해줄 수 있다면, 쥘리앵이 마음씨 좋은 남자를 자신의 연인이라고 상상하고 있는 동안, 마틸드의 허영심은 쥘리앵에게 몹시 화를 내고 있었다.	0.9999999999997038	1
여호와께서 그령에게 어떻게 하여 그를 꾀여내겠느냐. 하고 물으시자 그는 제가거짓말하는 명이 되여 내려가서 아합의 모든 예언자들의 입에들어가겠습니다. 하고 대답하였습니다. 여호와께서 그렇게 피여내면 되겠군. 가서 그대로 하여라.	여호와께서 그에게 물으셨소. 어떻게 아합을 속이겠느냐? 그 천사가 대답했소. 아합의 예언자들에게 가서 거짓말을 하도록 시키겠습니다. 그러자 여호와께서 말씀하셨소. 좋다. 너는 그를 속일 수 있을 것이다. 가서 말한 대로 하여라.	여호와께서 그 영에게 물으셨습니다. 어떻게 그를 꾀어 낼 수 있겠느냐? 그 영이 대답했습니다. 제가 아합의 모든 예언자들과 이야기할 수 있도록 아합의 모든 예언자들과 이야기할 수 있게 하겠습니다. 여호와께서 그렇게 해 주시면 되겠습니다. 가서 그대로 하여라.	0.9999999999987405	1
소인국이나 대인국은 내가 믿는바에 의하면 지구표면의 륙지를 차지하고있기때문에 장차 내가 오래동안 항해를 하게 되면 소인국의 그 작은 벌판, 집, 나무, 난쟁이들, 조그마한 암소, 양, 새들또한 한나라의 숲만큼이나 높이 자란 보리밭, 거대하고도 사나운개, 괴물과 같은 고양이, 탑처럼 키가 큰 남녀 등을 내 눈으로 볼수 있으리라는것을 의심하지 않았다.	소인국이나 대인국은 내가 믿는 바로는 지구 표면에 있는 육지이고, 언젠가는 긴 여행을 해서 소인국의 작은 들이나 집, 수목이나 난장이들, 조그마한 소 양 새 따위, 또한 거인국의 숲과 같은 무시무시한 맹견, 괴물처럼 생긴 고양이, 탑처럼 생긴 남녀 등을 눈으로 볼 수 있게 될 것이라는 것을 의심하지 않았기 때문이었다.	소인국이라든가, 대인국이라든가는 내가 믿고 있는 대로 지구에 속해 있는 육지에 속해 있기 때문에 오래도록 항해를 하게 되면 소인국의 작은 들판과 집, 나무, 난쟁이들, 암소, 양, 새들이 사는 숲만큼이나 키가 큰 보리밭, 거대하고 사나운 개, 괴물 고양이, 탑 같은 키가 큰 남녀를 내 눈으로 볼 수 있으리라는 것을 의심하지 않았다.	0.9999999999985308	1
소인국이나 대인국은 내가 믿는바에 의하면 지구표면의 륙지를 차지하고있기때문에 장차 내가 오래동안 항해를 하게 되면 소인국의 그 작은 벌판, 집, 나무, 난쟁이들, 조그마한 암소, 양, 새들또한 한나라의 숲만큼이나 높이 자란 보리밭, 거대하고도 사나운개, 괴물과 같은 고양이, 탑처럼 키가 큰 남녀 등을 내 눈으로 볼수 있으리라는것을 의심하지 않았다.	이에 반해서 난쟁이 나라와 키다리 나라는 분명 지구 표면의 일부분이었고 어느 날엔가 긴 항해가 끝나면 나도 난쟁이 나라의 조그만 밭이나 집이나 숲이나 난쟁이나 역시 난쟁이인 소, 말, 양, 새들을 직접 보게 될 터이고 또 키다리 나라의 수풀만큼 커다란 밀밭이나 거대한 사냥개나 고양이, 그리고 탑처럼 우뚝한 남녀들을 보게 되리라는 것을 믿어 의심치 않았다.	소인국이라든가, 대인국이라든가는 내가 믿고 있는 대로 지구에 속해 있는 육지에 속해 있기 때문에 오래도록 항해를 하게 되면 소인국의 작은 들판과 집, 나무, 난쟁이들, 암소, 양, 새들이 사는 숲만큼이나 키가 큰 보리밭, 거대하고 사나운 개, 괴물 고양이, 탑 같은 키가 큰 남녀를 내 눈으로 볼 수 있으리라는 것을 의심하지 않았다.	0.9999999999985308	1
난로곁에서 날라다주는것이나 받아야 한다는것이다. 고뿌와 빠다를 바른 빵을 접시에 놓은 조그마한 상을 내앞에 가져왔다. 그전에 먹을것을 가지고 와서는 아이들 방에 있는 의자우에 놓고 나에게 권하던 그때와 꼭 같았다.	그리고 차 대접은 난롯가에서 받아야 한다고 이르고는, 옛날 몰래 집어온 맛있는 음식을 아이들 방 의자에 올려 놓고 나에게 먹여 주던 때와 꼭같이 찻잔과 토스트 빵의 접시를 얹은 둥글고 조그만 상을 놓았다.	난롯가에 있는 내 방으로 날라다 주어야 한다는 것과, 고기와 버터를 바른 빵이 들어 있는 접시의 작은 상자를 내 앞에 가져왔다. 그 상자는 전에 내가 먹을 것을 가지고 왔을 때 내 아이들 방의 의자 위에 놓았던 것과 똑같았다.	0.999999999998514	1
형제 여러분, 여러분이 모든것을 다 알았다고 장담할지 모르지만 아직 깨닫지 못하는 숨은 진리가 하나 있는데 여러분도 그것을 꼭 알아두시기 바랍니다. 그 진리란 이런것입니다. 일부 이스라엘사람들이 지금은 완고하지만 모든 이방사람들이 하느님께 돌아오는날에는 그 완고한 마음을 버릴것이고	형제 여러분, 나는 여러분이 스스로 똑똑하다고 생각하는 일이 없도록 하기 위해 이 비밀에 대해 알기를 원합니다. 비밀의 내용은 이렇습니다. 이방인의 충만한 수가 하나님께 돌아오기까지 이스라엘 중에 얼마는 완악한 채로 있게 된다는 사실입니다.	성도 여러분, 여러분이 모든 것을 다 알고 있다고 장담할 수는 있지만 아직 깨닫지 못한 비밀이 있다는 것을 여러분도 알아 두십시오. 그 비밀은 이런 것입니다. 이스라엘 백성이 지금은 완고하지만 모든 이방인들이 하나님께로 돌아온 날에는 그 완고한 마음을 버릴 것입니다.	0.99999999999849	1
잉그람양은 제법 알기나 하듯이 전문술어를 써가면서 이야기했는데 나는 곧 그 녀자가 부인을 속된 말로 말하면 놀려대고있다는것을 알았다.	잉그램 양은 식물학 공부를 한 모양이었고 식물학 용어를 잘난 체하며 주워섬겼다. 나는 즉시 그녀가 속된 말로 표현하면 덴트 부인을 놀리고 있다는 것을 알았다.	잉그램 양은 마치 알아들을 수 있는 것처럼 전문적인 용어를 쓰면서 얘기하고 있었다. 나는 그녀가 부인을 비속어적인 용어로 놀려 대고 있다는 것을 알았다.	0.9999999999981024	1
잉그람양은 제법 알기나 하듯이 전문술어를 써가면서 이야기했는데 나는 곧 그 녀자가 부인을 속된 말로 말하면 놀려대고있다는것을 알았다.	잉글램 양은 식물학을 배웠기 때문에 자신만만하게 전문 용어를 섞어가며 얘기를 하고 있었다. 한참 듣고 있는 동안 나는 그녀가 덴트 부인을 놀리고 있다는 것을 느꼈다.	잉그램 양은 마치 알아들을 수 있는 것처럼 전문적인 용어를 쓰면서 얘기하고 있었다. 나는 그녀가 부인을 비속어적인 용어로 놀려 대고 있다는 것을 알았다.	0.9999999999981024	1
잉그람양은 제법 알기나 하듯이 전문술어를 써가면서 이야기했는데 나는 곧 그 녀자가 부인을 속된 말로 말하면 놀려대고있다는것을 알았다.	그러나 잉그램 양은 공부를 한 적이 있는 듯하였고 자랑스러운 듯이 전문 용어를 주워섬겼다. 얼마 안 있어 나는 그녀가 덴트 부인을 속된 말로 하면 놀리고 있음을, 즉 부인의 무지를 비웃고 있는 것을 알았다.	잉그램 양은 마치 알아들을 수 있는 것처럼 전문적인 용어를 쓰면서 얘기하고 있었다. 나는 그녀가 부인을 비속어적인 용어로 놀려 대고 있다는 것을 알았다.	0.9999999999981024	1
나는 쓸쓸하다고 말하는바이다. 왜냐하면 나의 눈에 보이는 계곡의 오솔길에는 첫손에 꼽히는 부자인 올리버씨와 그의 딸이 살고있는 베일저택과 교회 그리고 나무에 반나마 가리운 목사관이 보일뿐이고 그외에는 그 어떤 건물도 보이지 않았기때문이다.	내가 지금 쓸쓸하다고 말하는 것은, 내가 있는 곳에서 보이는 골짜기가 구부러진 곳에는 교회와 목사관이 반쯤 나무에 가려져 있는 게 보이고, 그보다 더 먼 곳에 부유한 올리버 씨와 그의 딸이 살고 있는 메일 장이 보일 뿐, 그밖에는 건물 하나도 없었기 때문이다.	나는 쓸쓸하다고 말하고 있는 것이다. 왜냐하면 내 눈에 보이는 계곡의 오솔길에는 첫손에 꼽히는 부자인 올리버 씨와 그의 딸이 살고 있는 베일 저택과 교회 그리고 나무에 반쯤 가려진 목사관이 있을 뿐, 다른 어떤 건물도 보이지 않았기 때문이다.	0.9999999999978352	1
